,School,Link,GameLogs,Pace,ELO
0,Abilene Christian,https://www.sports-reference.com/cbb/schools/abilene-christian/men/2026.html,https://www.sports-reference.com/cbb/schools/abilene-christian/men/2026-gamelogs.html,68.9,1232.99
1,Air Force,https://www.sports-reference.com/cbb/schools/air-force/men/2026.html,https://www.sports-reference.com/cbb/schools/air-force/men/2026-gamelogs.html,66.6,1052.74
2,Akron,https://www.sports-reference.com/cbb/schools/akron/men/2026.html,https://www.sports-reference.com/cbb/schools/akron/men/2026-gamelogs.html,72.9,1570.49
3,Alabama,https://www.sports-reference.com/cbb/schools/alabama/men/2026.html,https://www.sports-reference.com/cbb/schools/alabama/men/2026-gamelogs.html,75.4,1641.07
4,Alabama A&M,https://www.sports-reference.com/cbb/schools/alabama-am/men/2026.html,https://www.sports-reference.com/cbb/schools/alabama-am/men/2026-gamelogs.html,68.8,1159.36
5,Alabama State,https://www.sports-reference.com/cbb/schools/alabama-state/men/2026.html,https://www.sports-reference.com/cbb/schools/alabama-state/men/2026-gamelogs.html,73.3,1131.53
6,Albany (NY),https://www.sports-reference.com/cbb/schools/albany-ny/men/2026.html,https://www.sports-reference.com/cbb/schools/albany-ny/men/2026-gamelogs.html,67.9,1090.15
7,Alcorn State,https://www.sports-reference.com/cbb/schools/alcorn-state/men/2026.html,https://www.sports-reference.com/cbb/schools/alcorn-state/men/2026-gamelogs.html,70.7,1061.48
8,American,https://www.sports-reference.com/cbb/schools/american/men/2026.html,https://www.sports-reference.com/cbb/schools/american/men/2026-gamelogs.html,69.0,1301.97
9,Appalachian State,https://www.sports-reference.com/cbb/schools/appalachian-state/men/2026.html,https://www.sports-reference.com/cbb/schools/appalachian-state/men/2026-gamelogs.html,64.9,1295.81
10,Arizona,https://www.sports-reference.com/cbb/schools/arizona/men/2026.html,https://www.sports-reference.com/cbb/schools/arizona/men/2026-gamelogs.html,73.1,1826.82
11,Arizona State,https://www.sports-reference.com/cbb/schools/arizona-state/men/2026.html,https://www.sports-reference.com/cbb/schools/arizona-state/men/2026-gamelogs.html,71.5,1433.83
12,Arkansas,https://www.sports-reference.com/cbb/schools/arkansas/men/2026.html,https://www.sports-reference.com/cbb/schools/arkansas/men/2026-gamelogs.html,72.9,1664.33
13,Arkansas State,https://www.sports-reference.com/cbb/schools/arkansas-state/men/2026.html,https://www.sports-reference.com/cbb/schools/arkansas-state/men/2026-gamelogs.html,72.7,1340.45
14,Arkansas-Pine Bluff,https://www.sports-reference.com/cbb/schools/arkansas-pine-bluff/men/2026.html,https://www.sports-reference.com/cbb/schools/arkansas-pine-bluff/men/2026-gamelogs.html,74.7,1111.27
15,Army,https://www.sports-reference.com/cbb/schools/army/men/2026.html,https://www.sports-reference.com/cbb/schools/army/men/2026-gamelogs.html,67.7,1129.72
16,Auburn,https://www.sports-reference.com/cbb/schools/auburn/men/2026.html,https://www.sports-reference.com/cbb/schools/auburn/men/2026-gamelogs.html,69.8,1640.92
17,Austin Peay,https://www.sports-reference.com/cbb/schools/austin-peay/men/2026.html,https://www.sports-reference.com/cbb/schools/austin-peay/men/2026-gamelogs.html,71.7,1337.08
18,Ball State,https://www.sports-reference.com/cbb/schools/ball-state/men/2026.html,https://www.sports-reference.com/cbb/schools/ball-state/men/2026-gamelogs.html,66.2,1141.5
19,Baylor,https://www.sports-reference.com/cbb/schools/baylor/men/2026.html,https://www.sports-reference.com/cbb/schools/baylor/men/2026-gamelogs.html,71.6,1448.68
20,Bellarmine,https://www.sports-reference.com/cbb/schools/bellarmine/men/2026.html,https://www.sports-reference.com/cbb/schools/bellarmine/men/2026-gamelogs.html,67.1,1115.89
21,Belmont,https://www.sports-reference.com/cbb/schools/belmont/men/2026.html,https://www.sports-reference.com/cbb/schools/belmont/men/2026-gamelogs.html,70.7,1576.64
22,Bethune-Cookman,https://www.sports-reference.com/cbb/schools/bethune-cookman/men/2026.html,https://www.sports-reference.com/cbb/schools/bethune-cookman/men/2026-gamelogs.html,71.3,1270.66
23,Binghamton,https://www.sports-reference.com/cbb/schools/binghamton/men/2026.html,https://www.sports-reference.com/cbb/schools/binghamton/men/2026-gamelogs.html,65.1,958.72
24,Boise State,https://www.sports-reference.com/cbb/schools/boise-state/men/2026.html,https://www.sports-reference.com/cbb/schools/boise-state/men/2026-gamelogs.html,68.4,1504.17
25,Boston College,https://www.sports-reference.com/cbb/schools/boston-college/men/2026.html,https://www.sports-reference.com/cbb/schools/boston-college/men/2026-gamelogs.html,66.3,1317.58
26,Boston University,https://www.sports-reference.com/cbb/schools/boston-university/men/2026.html,https://www.sports-reference.com/cbb/schools/boston-university/men/2026-gamelogs.html,64.7,1100.96
27,Bradley,https://www.sports-reference.com/cbb/schools/bradley/men/2026.html,https://www.sports-reference.com/cbb/schools/bradley/men/2026-gamelogs.html,69.0,1448.33
28,Brigham Young,https://www.sports-reference.com/cbb/schools/brigham-young/men/2026.html,https://www.sports-reference.com/cbb/schools/brigham-young/men/2026-gamelogs.html,71.3,1702.98
29,Brown,https://www.sports-reference.com/cbb/schools/brown/men/2026.html,https://www.sports-reference.com/cbb/schools/brown/men/2026-gamelogs.html,67.4,1195.45
30,Bryant,https://www.sports-reference.com/cbb/schools/bryant/men/2026.html,https://www.sports-reference.com/cbb/schools/bryant/men/2026-gamelogs.html,65.3,1115.02
31,Bucknell,https://www.sports-reference.com/cbb/schools/bucknell/men/2026.html,https://www.sports-reference.com/cbb/schools/bucknell/men/2026-gamelogs.html,67.3,1078.13
32,Buffalo,https://www.sports-reference.com/cbb/schools/buffalo/men/2026.html,https://www.sports-reference.com/cbb/schools/buffalo/men/2026-gamelogs.html,67.2,1276.94
33,Butler,https://www.sports-reference.com/cbb/schools/butler/men/2026.html,https://www.sports-reference.com/cbb/schools/butler/men/2026-gamelogs.html,71.2,1484.25
34,Cal Poly,https://www.sports-reference.com/cbb/schools/cal-poly/men/2026.html,https://www.sports-reference.com/cbb/schools/cal-poly/men/2026-gamelogs.html,76.4,1200.65
35,Cal State Bakersfield,https://www.sports-reference.com/cbb/schools/cal-state-bakersfield/men/2026.html,https://www.sports-reference.com/cbb/schools/cal-state-bakersfield/men/2026-gamelogs.html,72.2,1141.76
36,Cal State Fullerton,https://www.sports-reference.com/cbb/schools/cal-state-fullerton/men/2026.html,https://www.sports-reference.com/cbb/schools/cal-state-fullerton/men/2026-gamelogs.html,77.3,1233.69
37,Cal State Northridge,https://www.sports-reference.com/cbb/schools/cal-state-northridge/men/2026.html,https://www.sports-reference.com/cbb/schools/cal-state-northridge/men/2026-gamelogs.html,75.8,1325.03
38,California,https://www.sports-reference.com/cbb/schools/california/men/2026.html,https://www.sports-reference.com/cbb/schools/california/men/2026-gamelogs.html,69.1,1485.28
39,California Baptist,https://www.sports-reference.com/cbb/schools/california-baptist/men/2026.html,https://www.sports-reference.com/cbb/schools/california-baptist/men/2026-gamelogs.html,67.5,1424.46
40,Campbell,https://www.sports-reference.com/cbb/schools/campbell/men/2026.html,https://www.sports-reference.com/cbb/schools/campbell/men/2026-gamelogs.html,71.8,1201.36
41,Canisius,https://www.sports-reference.com/cbb/schools/canisius/men/2026.html,https://www.sports-reference.com/cbb/schools/canisius/men/2026-gamelogs.html,64.6,1090.17
42,Central Arkansas,https://www.sports-reference.com/cbb/schools/central-arkansas/men/2026.html,https://www.sports-reference.com/cbb/schools/central-arkansas/men/2026-gamelogs.html,70.5,1233.52
43,Central Connecticut State,https://www.sports-reference.com/cbb/schools/central-connecticut-state/men/2026.html,https://www.sports-reference.com/cbb/schools/central-connecticut-state/men/2026-gamelogs.html,66.6,1217.56
44,Central Michigan,https://www.sports-reference.com/cbb/schools/central-michigan/men/2026.html,https://www.sports-reference.com/cbb/schools/central-michigan/men/2026-gamelogs.html,69.9,1115.34
45,Charleston Southern,https://www.sports-reference.com/cbb/schools/charleston-southern/men/2026.html,https://www.sports-reference.com/cbb/schools/charleston-southern/men/2026-gamelogs.html,74.7,1124.81
46,Charlotte,https://www.sports-reference.com/cbb/schools/charlotte/men/2026.html,https://www.sports-reference.com/cbb/schools/charlotte/men/2026-gamelogs.html,64.1,1357.23
47,Chattanooga,https://www.sports-reference.com/cbb/schools/chattanooga/men/2026.html,https://www.sports-reference.com/cbb/schools/chattanooga/men/2026-gamelogs.html,68.0,1248.25
48,Chicago State,https://www.sports-reference.com/cbb/schools/chicago-state/men/2026.html,https://www.sports-reference.com/cbb/schools/chicago-state/men/2026-gamelogs.html,67.4,918.67
49,Cincinnati,https://www.sports-reference.com/cbb/schools/cincinnati/men/2026.html,https://www.sports-reference.com/cbb/schools/cincinnati/men/2026-gamelogs.html,70.9,1467.68
50,Clemson,https://www.sports-reference.com/cbb/schools/clemson/men/2026.html,https://www.sports-reference.com/cbb/schools/clemson/men/2026-gamelogs.html,66.5,1634.32
51,Cleveland State,https://www.sports-reference.com/cbb/schools/cleveland-state/men/2026.html,https://www.sports-reference.com/cbb/schools/cleveland-state/men/2026-gamelogs.html,71.7,1211.48
52,Coastal Carolina,https://www.sports-reference.com/cbb/schools/coastal-carolina/men/2026.html,https://www.sports-reference.com/cbb/schools/coastal-carolina/men/2026-gamelogs.html,69.5,1290.79
53,Colgate,https://www.sports-reference.com/cbb/schools/colgate/men/2026.html,https://www.sports-reference.com/cbb/schools/colgate/men/2026-gamelogs.html,67.2,1291.69
54,College of Charleston,https://www.sports-reference.com/cbb/schools/college-of-charleston/men/2026.html,https://www.sports-reference.com/cbb/schools/college-of-charleston/men/2026-gamelogs.html,69.5,1440.28
55,Colorado,https://www.sports-reference.com/cbb/schools/colorado/men/2026.html,https://www.sports-reference.com/cbb/schools/colorado/men/2026-gamelogs.html,70.2,1417.81
56,Colorado State,https://www.sports-reference.com/cbb/schools/colorado-state/men/2026.html,https://www.sports-reference.com/cbb/schools/colorado-state/men/2026-gamelogs.html,64.3,1416.88
57,Columbia,https://www.sports-reference.com/cbb/schools/columbia/men/2026.html,https://www.sports-reference.com/cbb/schools/columbia/men/2026-gamelogs.html,68.8,1277.53
58,Connecticut,https://www.sports-reference.com/cbb/schools/connecticut/men/2026.html,https://www.sports-reference.com/cbb/schools/connecticut/men/2026-gamelogs.html,67.1,1806.0
59,Coppin State,https://www.sports-reference.com/cbb/schools/coppin-state/men/2026.html,https://www.sports-reference.com/cbb/schools/coppin-state/men/2026-gamelogs.html,70.3,958.17
60,Cornell,https://www.sports-reference.com/cbb/schools/cornell/men/2026.html,https://www.sports-reference.com/cbb/schools/cornell/men/2026-gamelogs.html,74.7,1345.62
61,Creighton,https://www.sports-reference.com/cbb/schools/creighton/men/2026.html,https://www.sports-reference.com/cbb/schools/creighton/men/2026-gamelogs.html,68.5,1487.53
62,Dartmouth,https://www.sports-reference.com/cbb/schools/dartmouth/men/2026.html,https://www.sports-reference.com/cbb/schools/dartmouth/men/2026-gamelogs.html,70.5,1254.78
63,Davidson,https://www.sports-reference.com/cbb/schools/davidson/men/2026.html,https://www.sports-reference.com/cbb/schools/davidson/men/2026-gamelogs.html,64.8,1371.42
64,Dayton,https://www.sports-reference.com/cbb/schools/dayton/men/2026.html,https://www.sports-reference.com/cbb/schools/dayton/men/2026-gamelogs.html,69.1,1445.16
65,Delaware,https://www.sports-reference.com/cbb/schools/delaware/men/2026.html,https://www.sports-reference.com/cbb/schools/delaware/men/2026-gamelogs.html,64.5,1181.66
66,Delaware State,https://www.sports-reference.com/cbb/schools/delaware-state/men/2026.html,https://www.sports-reference.com/cbb/schools/delaware-state/men/2026-gamelogs.html,68.1,998.73
67,Denver,https://www.sports-reference.com/cbb/schools/denver/men/2026.html,https://www.sports-reference.com/cbb/schools/denver/men/2026-gamelogs.html,70.1,1133.67
68,DePaul,https://www.sports-reference.com/cbb/schools/depaul/men/2026.html,https://www.sports-reference.com/cbb/schools/depaul/men/2026-gamelogs.html,68.5,1410.84
69,Detroit Mercy,https://www.sports-reference.com/cbb/schools/detroit-mercy/men/2026.html,https://www.sports-reference.com/cbb/schools/detroit-mercy/men/2026-gamelogs.html,71.5,1151.58
70,Drake,https://www.sports-reference.com/cbb/schools/drake/men/2026.html,https://www.sports-reference.com/cbb/schools/drake/men/2026-gamelogs.html,68.8,1416.73
71,Drexel,https://www.sports-reference.com/cbb/schools/drexel/men/2026.html,https://www.sports-reference.com/cbb/schools/drexel/men/2026-gamelogs.html,65.6,1320.67
72,Duke,https://www.sports-reference.com/cbb/schools/duke/men/2026.html,https://www.sports-reference.com/cbb/schools/duke/men/2026-gamelogs.html,69.7,1802.92
73,Duquesne,https://www.sports-reference.com/cbb/schools/duquesne/men/2026.html,https://www.sports-reference.com/cbb/schools/duquesne/men/2026-gamelogs.html,72.1,1313.12
74,East Carolina,https://www.sports-reference.com/cbb/schools/east-carolina/men/2026.html,https://www.sports-reference.com/cbb/schools/east-carolina/men/2026-gamelogs.html,69.5,1202.22
75,East Tennessee State,https://www.sports-reference.com/cbb/schools/east-tennessee-state/men/2026.html,https://www.sports-reference.com/cbb/schools/east-tennessee-state/men/2026-gamelogs.html,67.5,1350.19
76,East Texas A&M,https://www.sports-reference.com/cbb/schools/texas-am-commerce/men/2026.html,https://www.sports-reference.com/cbb/schools/texas-am-commerce/men/2026-gamelogs.html,71.1,1090.49
77,Eastern Illinois,https://www.sports-reference.com/cbb/schools/eastern-illinois/men/2026.html,https://www.sports-reference.com/cbb/schools/eastern-illinois/men/2026-gamelogs.html,67.2,1138.31
78,Eastern Kentucky,https://www.sports-reference.com/cbb/schools/eastern-kentucky/men/2026.html,https://www.sports-reference.com/cbb/schools/eastern-kentucky/men/2026-gamelogs.html,70.4,1137.52
79,Eastern Michigan,https://www.sports-reference.com/cbb/schools/eastern-michigan/men/2026.html,https://www.sports-reference.com/cbb/schools/eastern-michigan/men/2026-gamelogs.html,68.6,1185.25
80,Eastern Washington,https://www.sports-reference.com/cbb/schools/eastern-washington/men/2026.html,https://www.sports-reference.com/cbb/schools/eastern-washington/men/2026-gamelogs.html,69.7,1084.45
81,Elon,https://www.sports-reference.com/cbb/schools/elon/men/2026.html,https://www.sports-reference.com/cbb/schools/elon/men/2026-gamelogs.html,69.1,1320.85
82,Evansville,https://www.sports-reference.com/cbb/schools/evansville/men/2026.html,https://www.sports-reference.com/cbb/schools/evansville/men/2026-gamelogs.html,68.8,1160.2
83,Fairfield,https://www.sports-reference.com/cbb/schools/fairfield/men/2026.html,https://www.sports-reference.com/cbb/schools/fairfield/men/2026-gamelogs.html,68.0,1238.99
84,FDU,https://www.sports-reference.com/cbb/schools/fairleigh-dickinson/men/2026.html,https://www.sports-reference.com/cbb/schools/fairleigh-dickinson/men/2026-gamelogs.html,66.2,1037.16
85,Florida,https://www.sports-reference.com/cbb/schools/florida/men/2026.html,https://www.sports-reference.com/cbb/schools/florida/men/2026-gamelogs.html,72.2,1669.21
86,Florida A&M,https://www.sports-reference.com/cbb/schools/florida-am/men/2026.html,https://www.sports-reference.com/cbb/schools/florida-am/men/2026-gamelogs.html,70.6,1175.67
87,Florida Atlantic,https://www.sports-reference.com/cbb/schools/florida-atlantic/men/2026.html,https://www.sports-reference.com/cbb/schools/florida-atlantic/men/2026-gamelogs.html,71.8,1453.21
88,Florida Gulf Coast,https://www.sports-reference.com/cbb/schools/florida-gulf-coast/men/2026.html,https://www.sports-reference.com/cbb/schools/florida-gulf-coast/men/2026-gamelogs.html,70.4,1208.3
89,Florida International,https://www.sports-reference.com/cbb/schools/florida-international/men/2026.html,https://www.sports-reference.com/cbb/schools/florida-international/men/2026-gamelogs.html,74.5,1203.74
90,Florida State,https://www.sports-reference.com/cbb/schools/florida-state/men/2026.html,https://www.sports-reference.com/cbb/schools/florida-state/men/2026-gamelogs.html,74.2,1387.72
91,Fordham,https://www.sports-reference.com/cbb/schools/fordham/men/2026.html,https://www.sports-reference.com/cbb/schools/fordham/men/2026-gamelogs.html,66.3,1236.68
92,Fresno State,https://www.sports-reference.com/cbb/schools/fresno-state/men/2026.html,https://www.sports-reference.com/cbb/schools/fresno-state/men/2026-gamelogs.html,70.1,1261.6
93,Furman,https://www.sports-reference.com/cbb/schools/furman/men/2026.html,https://www.sports-reference.com/cbb/schools/furman/men/2026-gamelogs.html,67.5,1393.03
94,Gardner-Webb,https://www.sports-reference.com/cbb/schools/gardner-webb/men/2026.html,https://www.sports-reference.com/cbb/schools/gardner-webb/men/2026-gamelogs.html,71.4,998.94
95,George Mason,https://www.sports-reference.com/cbb/schools/george-mason/men/2026.html,https://www.sports-reference.com/cbb/schools/george-mason/men/2026-gamelogs.html,65.8,1598.84
96,George Washington,https://www.sports-reference.com/cbb/schools/george-washington/men/2026.html,https://www.sports-reference.com/cbb/schools/george-washington/men/2026-gamelogs.html,71.9,1401.48
97,Georgetown,https://www.sports-reference.com/cbb/schools/georgetown/men/2026.html,https://www.sports-reference.com/cbb/schools/georgetown/men/2026-gamelogs.html,67.1,1395.12
98,Georgia,https://www.sports-reference.com/cbb/schools/georgia/men/2026.html,https://www.sports-reference.com/cbb/schools/georgia/men/2026-gamelogs.html,75.3,1551.42
99,Georgia Southern,https://www.sports-reference.com/cbb/schools/georgia-southern/men/2026.html,https://www.sports-reference.com/cbb/schools/georgia-southern/men/2026-gamelogs.html,72.7,1299.91
100,Georgia State,https://www.sports-reference.com/cbb/schools/georgia-state/men/2026.html,https://www.sports-reference.com/cbb/schools/georgia-state/men/2026-gamelogs.html,70.2,1243.87
101,Georgia Tech,https://www.sports-reference.com/cbb/schools/georgia-tech/men/2026.html,https://www.sports-reference.com/cbb/schools/georgia-tech/men/2026-gamelogs.html,71.7,1381.48
102,Gonzaga,https://www.sports-reference.com/cbb/schools/gonzaga/men/2026.html,https://www.sports-reference.com/cbb/schools/gonzaga/men/2026-gamelogs.html,72.5,1743.3
103,Grambling,https://www.sports-reference.com/cbb/schools/grambling/men/2026.html,https://www.sports-reference.com/cbb/schools/grambling/men/2026-gamelogs.html,70.7,1128.18
104,Grand Canyon,https://www.sports-reference.com/cbb/schools/grand-canyon/men/2026.html,https://www.sports-reference.com/cbb/schools/grand-canyon/men/2026-gamelogs.html,69.2,1516.78
105,Green Bay,https://www.sports-reference.com/cbb/schools/green-bay/men/2026.html,https://www.sports-reference.com/cbb/schools/green-bay/men/2026-gamelogs.html,65.7,1278.0
106,Hampton,https://www.sports-reference.com/cbb/schools/hampton/men/2026.html,https://www.sports-reference.com/cbb/schools/hampton/men/2026-gamelogs.html,66.3,1233.71
107,Harvard,https://www.sports-reference.com/cbb/schools/harvard/men/2026.html,https://www.sports-reference.com/cbb/schools/harvard/men/2026-gamelogs.html,64.8,1309.1
108,Hawaii,https://www.sports-reference.com/cbb/schools/hawaii/men/2026.html,https://www.sports-reference.com/cbb/schools/hawaii/men/2026-gamelogs.html,71.8,1387.08
109,High Point,https://www.sports-reference.com/cbb/schools/high-point/men/2026.html,https://www.sports-reference.com/cbb/schools/high-point/men/2026-gamelogs.html,71.8,1484.49
110,Hofstra,https://www.sports-reference.com/cbb/schools/hofstra/men/2026.html,https://www.sports-reference.com/cbb/schools/hofstra/men/2026-gamelogs.html,66.8,1280.5
111,Holy Cross,https://www.sports-reference.com/cbb/schools/holy-cross/men/2026.html,https://www.sports-reference.com/cbb/schools/holy-cross/men/2026-gamelogs.html,66.2,1086.35
112,Houston,https://www.sports-reference.com/cbb/schools/houston/men/2026.html,https://www.sports-reference.com/cbb/schools/houston/men/2026-gamelogs.html,65.5,1772.45
113,Houston Christian,https://www.sports-reference.com/cbb/schools/houston-baptist/men/2026.html,https://www.sports-reference.com/cbb/schools/houston-baptist/men/2026-gamelogs.html,65.8,1113.27
114,Howard,https://www.sports-reference.com/cbb/schools/howard/men/2026.html,https://www.sports-reference.com/cbb/schools/howard/men/2026-gamelogs.html,70.5,1164.9
115,Idaho,https://www.sports-reference.com/cbb/schools/idaho/men/2026.html,https://www.sports-reference.com/cbb/schools/idaho/men/2026-gamelogs.html,70.0,1227.0
116,Idaho State,https://www.sports-reference.com/cbb/schools/idaho-state/men/2026.html,https://www.sports-reference.com/cbb/schools/idaho-state/men/2026-gamelogs.html,66.6,1176.31
117,Illinois,https://www.sports-reference.com/cbb/schools/illinois/men/2026.html,https://www.sports-reference.com/cbb/schools/illinois/men/2026-gamelogs.html,67.1,1737.36
118,Illinois State,https://www.sports-reference.com/cbb/schools/illinois-state/men/2026.html,https://www.sports-reference.com/cbb/schools/illinois-state/men/2026-gamelogs.html,67.9,1449.27
119,Illinois-Chicago,https://www.sports-reference.com/cbb/schools/illinois-chicago/men/2026.html,https://www.sports-reference.com/cbb/schools/illinois-chicago/men/2026-gamelogs.html,67.5,1385.9
120,Incarnate Word,https://www.sports-reference.com/cbb/schools/incarnate-word/men/2026.html,https://www.sports-reference.com/cbb/schools/incarnate-word/men/2026-gamelogs.html,67.8,1128.85
121,Indiana,https://www.sports-reference.com/cbb/schools/indiana/men/2026.html,https://www.sports-reference.com/cbb/schools/indiana/men/2026-gamelogs.html,68.1,1568.65
122,Indiana State,https://www.sports-reference.com/cbb/schools/indiana-state/men/2026.html,https://www.sports-reference.com/cbb/schools/indiana-state/men/2026-gamelogs.html,70.1,1236.05
123,Iona,https://www.sports-reference.com/cbb/schools/iona/men/2026.html,https://www.sports-reference.com/cbb/schools/iona/men/2026-gamelogs.html,69.9,1354.38
124,Iowa,https://www.sports-reference.com/cbb/schools/iowa/men/2026.html,https://www.sports-reference.com/cbb/schools/iowa/men/2026-gamelogs.html,64.6,1616.46
125,Iowa State,https://www.sports-reference.com/cbb/schools/iowa-state/men/2026.html,https://www.sports-reference.com/cbb/schools/iowa-state/men/2026-gamelogs.html,69.3,1713.44
126,Jackson State,https://www.sports-reference.com/cbb/schools/jackson-state/men/2026.html,https://www.sports-reference.com/cbb/schools/jackson-state/men/2026-gamelogs.html,71.9,1210.76
127,Jacksonville,https://www.sports-reference.com/cbb/schools/jacksonville/men/2026.html,https://www.sports-reference.com/cbb/schools/jacksonville/men/2026-gamelogs.html,66.5,1202.42
128,Jacksonville State,https://www.sports-reference.com/cbb/schools/jacksonville-state/men/2026.html,https://www.sports-reference.com/cbb/schools/jacksonville-state/men/2026-gamelogs.html,67.1,1364.74
129,James Madison,https://www.sports-reference.com/cbb/schools/james-madison/men/2026.html,https://www.sports-reference.com/cbb/schools/james-madison/men/2026-gamelogs.html,67.4,1332.61
130,Kansas,https://www.sports-reference.com/cbb/schools/kansas/men/2026.html,https://www.sports-reference.com/cbb/schools/kansas/men/2026-gamelogs.html,67.6,1674.85
131,Kansas City,https://www.sports-reference.com/cbb/schools/missouri-kansas-city/men/2026.html,https://www.sports-reference.com/cbb/schools/missouri-kansas-city/men/2026-gamelogs.html,72.0,969.67
132,Kansas State,https://www.sports-reference.com/cbb/schools/kansas-state/men/2026.html,https://www.sports-reference.com/cbb/schools/kansas-state/men/2026-gamelogs.html,73.7,1406.21
133,Kennesaw State,https://www.sports-reference.com/cbb/schools/kennesaw-state/men/2026.html,https://www.sports-reference.com/cbb/schools/kennesaw-state/men/2026-gamelogs.html,74.6,1353.78
134,Kent State,https://www.sports-reference.com/cbb/schools/kent-state/men/2026.html,https://www.sports-reference.com/cbb/schools/kent-state/men/2026-gamelogs.html,74.3,1470.86
135,Kentucky,https://www.sports-reference.com/cbb/schools/kentucky/men/2026.html,https://www.sports-reference.com/cbb/schools/kentucky/men/2026-gamelogs.html,69.5,1630.94
136,La Salle,https://www.sports-reference.com/cbb/schools/la-salle/men/2026.html,https://www.sports-reference.com/cbb/schools/la-salle/men/2026-gamelogs.html,65.7,1244.31
137,Lafayette,https://www.sports-reference.com/cbb/schools/lafayette/men/2026.html,https://www.sports-reference.com/cbb/schools/lafayette/men/2026-gamelogs.html,67.9,1057.31
138,Lamar,https://www.sports-reference.com/cbb/schools/lamar/men/2026.html,https://www.sports-reference.com/cbb/schools/lamar/men/2026-gamelogs.html,67.2,1260.6
139,Le Moyne,https://www.sports-reference.com/cbb/schools/le-moyne/men/2026.html,https://www.sports-reference.com/cbb/schools/le-moyne/men/2026-gamelogs.html,69.3,1182.05
140,Lehigh,https://www.sports-reference.com/cbb/schools/lehigh/men/2026.html,https://www.sports-reference.com/cbb/schools/lehigh/men/2026-gamelogs.html,68.0,1132.58
141,Liberty,https://www.sports-reference.com/cbb/schools/liberty/men/2026.html,https://www.sports-reference.com/cbb/schools/liberty/men/2026-gamelogs.html,65.1,1586.41
142,Lindenwood,https://www.sports-reference.com/cbb/schools/lindenwood/men/2026.html,https://www.sports-reference.com/cbb/schools/lindenwood/men/2026-gamelogs.html,74.9,1208.69
143,Lipscomb,https://www.sports-reference.com/cbb/schools/lipscomb/men/2026.html,https://www.sports-reference.com/cbb/schools/lipscomb/men/2026-gamelogs.html,71.9,1376.51
144,Little Rock,https://www.sports-reference.com/cbb/schools/arkansas-little-rock/men/2026.html,https://www.sports-reference.com/cbb/schools/arkansas-little-rock/men/2026-gamelogs.html,69.2,1196.72
145,Long Beach State,https://www.sports-reference.com/cbb/schools/long-beach-state/men/2026.html,https://www.sports-reference.com/cbb/schools/long-beach-state/men/2026-gamelogs.html,70.2,1146.92
146,Long Island University,https://www.sports-reference.com/cbb/schools/long-island-university/men/2026.html,https://www.sports-reference.com/cbb/schools/long-island-university/men/2026-gamelogs.html,69.7,1301.89
147,Longwood,https://www.sports-reference.com/cbb/schools/longwood/men/2026.html,https://www.sports-reference.com/cbb/schools/longwood/men/2026-gamelogs.html,70.0,1188.89
148,Louisiana,https://www.sports-reference.com/cbb/schools/louisiana-lafayette/men/2026.html,https://www.sports-reference.com/cbb/schools/louisiana-lafayette/men/2026-gamelogs.html,63.4,1164.33
149,Louisiana State,https://www.sports-reference.com/cbb/schools/louisiana-state/men/2026.html,https://www.sports-reference.com/cbb/schools/louisiana-state/men/2026-gamelogs.html,69.3,1432.82
150,Louisiana Tech,https://www.sports-reference.com/cbb/schools/louisiana-tech/men/2026.html,https://www.sports-reference.com/cbb/schools/louisiana-tech/men/2026-gamelogs.html,64.4,1355.08
151,Louisiana-Monroe,https://www.sports-reference.com/cbb/schools/louisiana-monroe/men/2026.html,https://www.sports-reference.com/cbb/schools/louisiana-monroe/men/2026-gamelogs.html,71.7,928.8
152,Louisville,https://www.sports-reference.com/cbb/schools/louisville/men/2026.html,https://www.sports-reference.com/cbb/schools/louisville/men/2026-gamelogs.html,71.5,1614.63
153,Loyola (IL),https://www.sports-reference.com/cbb/schools/loyola-il/men/2026.html,https://www.sports-reference.com/cbb/schools/loyola-il/men/2026-gamelogs.html,66.0,1221.94
154,Loyola (MD),https://www.sports-reference.com/cbb/schools/loyola-md/men/2026.html,https://www.sports-reference.com/cbb/schools/loyola-md/men/2026-gamelogs.html,69.4,1113.82
155,Maine,https://www.sports-reference.com/cbb/schools/maine/men/2026.html,https://www.sports-reference.com/cbb/schools/maine/men/2026-gamelogs.html,65.2,1096.06
156,Manhattan,https://www.sports-reference.com/cbb/schools/manhattan/men/2026.html,https://www.sports-reference.com/cbb/schools/manhattan/men/2026-gamelogs.html,69.2,1137.32
157,Marist,https://www.sports-reference.com/cbb/schools/marist/men/2026.html,https://www.sports-reference.com/cbb/schools/marist/men/2026-gamelogs.html,67.6,1341.33
158,Marquette,https://www.sports-reference.com/cbb/schools/marquette/men/2026.html,https://www.sports-reference.com/cbb/schools/marquette/men/2026-gamelogs.html,70.9,1388.57
159,Marshall,https://www.sports-reference.com/cbb/schools/marshall/men/2026.html,https://www.sports-reference.com/cbb/schools/marshall/men/2026-gamelogs.html,71.1,1324.68
160,Maryland,https://www.sports-reference.com/cbb/schools/maryland/men/2026.html,https://www.sports-reference.com/cbb/schools/maryland/men/2026-gamelogs.html,69.4,1404.58
161,Maryland-Baltimore County,https://www.sports-reference.com/cbb/schools/maryland-baltimore-county/men/2026.html,https://www.sports-reference.com/cbb/schools/maryland-baltimore-county/men/2026-gamelogs.html,67.6,1208.38
162,Massachusetts,https://www.sports-reference.com/cbb/schools/massachusetts/men/2026.html,https://www.sports-reference.com/cbb/schools/massachusetts/men/2026-gamelogs.html,72.6,1319.07
163,Massachusetts-Lowell,https://www.sports-reference.com/cbb/schools/massachusetts-lowell/men/2026.html,https://www.sports-reference.com/cbb/schools/massachusetts-lowell/men/2026-gamelogs.html,70.4,1092.37
164,McNeese State,https://www.sports-reference.com/cbb/schools/mcneese-state/men/2026.html,https://www.sports-reference.com/cbb/schools/mcneese-state/men/2026-gamelogs.html,68.6,1523.11
165,Memphis,https://www.sports-reference.com/cbb/schools/memphis/men/2026.html,https://www.sports-reference.com/cbb/schools/memphis/men/2026-gamelogs.html,71.1,1450.87
166,Mercer,https://www.sports-reference.com/cbb/schools/mercer/men/2026.html,https://www.sports-reference.com/cbb/schools/mercer/men/2026-gamelogs.html,72.5,1319.74
167,Mercyhurst,https://www.sports-reference.com/cbb/schools/mercyhurst/men/2026.html,https://www.sports-reference.com/cbb/schools/mercyhurst/men/2026-gamelogs.html,64.2,1196.36
168,Merrimack,https://www.sports-reference.com/cbb/schools/merrimack/men/2026.html,https://www.sports-reference.com/cbb/schools/merrimack/men/2026-gamelogs.html,64.5,1391.05
169,Miami (FL),https://www.sports-reference.com/cbb/schools/miami-fl/men/2026.html,https://www.sports-reference.com/cbb/schools/miami-fl/men/2026-gamelogs.html,70.9,1531.99
170,Miami (OH),https://www.sports-reference.com/cbb/schools/miami-oh/men/2026.html,https://www.sports-reference.com/cbb/schools/miami-oh/men/2026-gamelogs.html,72.7,1598.26
171,Michigan,https://www.sports-reference.com/cbb/schools/michigan/men/2026.html,https://www.sports-reference.com/cbb/schools/michigan/men/2026-gamelogs.html,74.0,1808.16
172,Michigan State,https://www.sports-reference.com/cbb/schools/michigan-state/men/2026.html,https://www.sports-reference.com/cbb/schools/michigan-state/men/2026-gamelogs.html,67.2,1726.57
173,Middle Tennessee,https://www.sports-reference.com/cbb/schools/middle-tennessee/men/2026.html,https://www.sports-reference.com/cbb/schools/middle-tennessee/men/2026-gamelogs.html,67.2,1370.68
174,Milwaukee,https://www.sports-reference.com/cbb/schools/milwaukee/men/2026.html,https://www.sports-reference.com/cbb/schools/milwaukee/men/2026-gamelogs.html,70.2,1262.35
175,Minnesota,https://www.sports-reference.com/cbb/schools/minnesota/men/2026.html,https://www.sports-reference.com/cbb/schools/minnesota/men/2026-gamelogs.html,64.5,1407.51
176,Mississippi,https://www.sports-reference.com/cbb/schools/mississippi/men/2026.html,https://www.sports-reference.com/cbb/schools/mississippi/men/2026-gamelogs.html,67.6,1480.13
177,Mississippi State,https://www.sports-reference.com/cbb/schools/mississippi-state/men/2026.html,https://www.sports-reference.com/cbb/schools/mississippi-state/men/2026-gamelogs.html,71.1,1479.75
178,Mississippi Valley State,https://www.sports-reference.com/cbb/schools/mississippi-valley-state/men/2026.html,https://www.sports-reference.com/cbb/schools/mississippi-valley-state/men/2026-gamelogs.html,70.7,880.93
179,Missouri,https://www.sports-reference.com/cbb/schools/missouri/men/2026.html,https://www.sports-reference.com/cbb/schools/missouri/men/2026-gamelogs.html,68.8,1511.6
180,Missouri State,https://www.sports-reference.com/cbb/schools/missouri-state/men/2026.html,https://www.sports-reference.com/cbb/schools/missouri-state/men/2026-gamelogs.html,67.4,1273.11
181,Monmouth,https://www.sports-reference.com/cbb/schools/monmouth/men/2026.html,https://www.sports-reference.com/cbb/schools/monmouth/men/2026-gamelogs.html,67.6,1290.31
182,Montana,https://www.sports-reference.com/cbb/schools/montana/men/2026.html,https://www.sports-reference.com/cbb/schools/montana/men/2026-gamelogs.html,71.2,1389.75
183,Montana State,https://www.sports-reference.com/cbb/schools/montana-state/men/2026.html,https://www.sports-reference.com/cbb/schools/montana-state/men/2026-gamelogs.html,68.0,1303.86
184,Morehead State,https://www.sports-reference.com/cbb/schools/morehead-state/men/2026.html,https://www.sports-reference.com/cbb/schools/morehead-state/men/2026-gamelogs.html,68.3,1240.73
185,Morgan State,https://www.sports-reference.com/cbb/schools/morgan-state/men/2026.html,https://www.sports-reference.com/cbb/schools/morgan-state/men/2026-gamelogs.html,71.2,1120.63
186,Mount St. Mary's,https://www.sports-reference.com/cbb/schools/mount-st-marys/men/2026.html,https://www.sports-reference.com/cbb/schools/mount-st-marys/men/2026-gamelogs.html,68.8,1260.19
187,Murray State,https://www.sports-reference.com/cbb/schools/murray-state/men/2026.html,https://www.sports-reference.com/cbb/schools/murray-state/men/2026-gamelogs.html,73.1,1444.73
188,Navy,https://www.sports-reference.com/cbb/schools/navy/men/2026.html,https://www.sports-reference.com/cbb/schools/navy/men/2026-gamelogs.html,65.7,1344.01
189,NC State,https://www.sports-reference.com/cbb/schools/north-carolina-state/men/2026.html,https://www.sports-reference.com/cbb/schools/north-carolina-state/men/2026-gamelogs.html,70.1,1587.0
190,Nebraska,https://www.sports-reference.com/cbb/schools/nebraska/men/2026.html,https://www.sports-reference.com/cbb/schools/nebraska/men/2026-gamelogs.html,68.6,1720.83
191,Nevada,https://www.sports-reference.com/cbb/schools/nevada/men/2026.html,https://www.sports-reference.com/cbb/schools/nevada/men/2026-gamelogs.html,66.2,1532.39
192,Nevada-Las Vegas,https://www.sports-reference.com/cbb/schools/nevada-las-vegas/men/2026.html,https://www.sports-reference.com/cbb/schools/nevada-las-vegas/men/2026-gamelogs.html,71.7,1418.44
193,New Hampshire,https://www.sports-reference.com/cbb/schools/new-hampshire/men/2026.html,https://www.sports-reference.com/cbb/schools/new-hampshire/men/2026-gamelogs.html,68.1,1149.4
194,New Haven,https://www.sports-reference.com/cbb/schools/new-haven/men/2026.html,https://www.sports-reference.com/cbb/schools/new-haven/men/2026-gamelogs.html,64.3,1066.2
195,New Mexico,https://www.sports-reference.com/cbb/schools/new-mexico/men/2026.html,https://www.sports-reference.com/cbb/schools/new-mexico/men/2026-gamelogs.html,71.4,1614.09
196,New Mexico State,https://www.sports-reference.com/cbb/schools/new-mexico-state/men/2026.html,https://www.sports-reference.com/cbb/schools/new-mexico-state/men/2026-gamelogs.html,68.4,1228.12
197,New Orleans,https://www.sports-reference.com/cbb/schools/new-orleans/men/2026.html,https://www.sports-reference.com/cbb/schools/new-orleans/men/2026-gamelogs.html,69.9,1191.05
198,Niagara,https://www.sports-reference.com/cbb/schools/niagara/men/2026.html,https://www.sports-reference.com/cbb/schools/niagara/men/2026-gamelogs.html,63.8,1023.36
199,Nicholls State,https://www.sports-reference.com/cbb/schools/nicholls-state/men/2026.html,https://www.sports-reference.com/cbb/schools/nicholls-state/men/2026-gamelogs.html,70.3,1192.57
200,NJIT,https://www.sports-reference.com/cbb/schools/njit/men/2026.html,https://www.sports-reference.com/cbb/schools/njit/men/2026-gamelogs.html,69.6,1160.31
201,Norfolk State,https://www.sports-reference.com/cbb/schools/norfolk-state/men/2026.html,https://www.sports-reference.com/cbb/schools/norfolk-state/men/2026-gamelogs.html,70.6,1165.69
202,North Alabama,https://www.sports-reference.com/cbb/schools/north-alabama/men/2026.html,https://www.sports-reference.com/cbb/schools/north-alabama/men/2026-gamelogs.html,66.8,1128.68
203,North Carolina,https://www.sports-reference.com/cbb/schools/north-carolina/men/2026.html,https://www.sports-reference.com/cbb/schools/north-carolina/men/2026-gamelogs.html,69.5,1618.04
204,North Carolina A&T,https://www.sports-reference.com/cbb/schools/north-carolina-at/men/2026.html,https://www.sports-reference.com/cbb/schools/north-carolina-at/men/2026-gamelogs.html,70.2,1150.56
205,North Carolina Central,https://www.sports-reference.com/cbb/schools/north-carolina-central/men/2026.html,https://www.sports-reference.com/cbb/schools/north-carolina-central/men/2026-gamelogs.html,70.4,1100.06
206,North Dakota,https://www.sports-reference.com/cbb/schools/north-dakota/men/2026.html,https://www.sports-reference.com/cbb/schools/north-dakota/men/2026-gamelogs.html,70.3,1268.34
207,North Dakota State,https://www.sports-reference.com/cbb/schools/north-dakota-state/men/2026.html,https://www.sports-reference.com/cbb/schools/north-dakota-state/men/2026-gamelogs.html,68.8,1454.82
208,North Florida,https://www.sports-reference.com/cbb/schools/north-florida/men/2026.html,https://www.sports-reference.com/cbb/schools/north-florida/men/2026-gamelogs.html,73.5,1073.09
209,North Texas,https://www.sports-reference.com/cbb/schools/north-texas/men/2026.html,https://www.sports-reference.com/cbb/schools/north-texas/men/2026-gamelogs.html,67.0,1366.58
210,Northeastern,https://www.sports-reference.com/cbb/schools/northeastern/men/2026.html,https://www.sports-reference.com/cbb/schools/northeastern/men/2026-gamelogs.html,70.1,1168.08
211,Northern Arizona,https://www.sports-reference.com/cbb/schools/northern-arizona/men/2026.html,https://www.sports-reference.com/cbb/schools/northern-arizona/men/2026-gamelogs.html,67.9,1113.04
212,Northern Colorado,https://www.sports-reference.com/cbb/schools/northern-colorado/men/2026.html,https://www.sports-reference.com/cbb/schools/northern-colorado/men/2026-gamelogs.html,70.2,1233.27
213,Northern Illinois,https://www.sports-reference.com/cbb/schools/northern-illinois/men/2026.html,https://www.sports-reference.com/cbb/schools/northern-illinois/men/2026-gamelogs.html,70.2,1107.89
214,Northern Iowa,https://www.sports-reference.com/cbb/schools/northern-iowa/men/2026.html,https://www.sports-reference.com/cbb/schools/northern-iowa/men/2026-gamelogs.html,64.0,1356.14
215,Northern Kentucky,https://www.sports-reference.com/cbb/schools/northern-kentucky/men/2026.html,https://www.sports-reference.com/cbb/schools/northern-kentucky/men/2026-gamelogs.html,72.3,1323.48
216,Northwestern,https://www.sports-reference.com/cbb/schools/northwestern/men/2026.html,https://www.sports-reference.com/cbb/schools/northwestern/men/2026-gamelogs.html,66.8,1421.44
217,Northwestern State,https://www.sports-reference.com/cbb/schools/northwestern-state/men/2026.html,https://www.sports-reference.com/cbb/schools/northwestern-state/men/2026-gamelogs.html,67.1,1146.1
218,Notre Dame,https://www.sports-reference.com/cbb/schools/notre-dame/men/2026.html,https://www.sports-reference.com/cbb/schools/notre-dame/men/2026-gamelogs.html,65.9,1411.96
219,Oakland,https://www.sports-reference.com/cbb/schools/oakland/men/2026.html,https://www.sports-reference.com/cbb/schools/oakland/men/2026-gamelogs.html,71.9,1405.88
220,Ohio,https://www.sports-reference.com/cbb/schools/ohio/men/2026.html,https://www.sports-reference.com/cbb/schools/ohio/men/2026-gamelogs.html,71.1,1292.46
221,Ohio State,https://www.sports-reference.com/cbb/schools/ohio-state/men/2026.html,https://www.sports-reference.com/cbb/schools/ohio-state/men/2026-gamelogs.html,67.5,1569.78
222,Oklahoma,https://www.sports-reference.com/cbb/schools/oklahoma/men/2026.html,https://www.sports-reference.com/cbb/schools/oklahoma/men/2026-gamelogs.html,69.7,1411.1
223,Oklahoma State,https://www.sports-reference.com/cbb/schools/oklahoma-state/men/2026.html,https://www.sports-reference.com/cbb/schools/oklahoma-state/men/2026-gamelogs.html,75.8,1497.55
224,Old Dominion,https://www.sports-reference.com/cbb/schools/old-dominion/men/2026.html,https://www.sports-reference.com/cbb/schools/old-dominion/men/2026-gamelogs.html,70.3,1213.91
225,Omaha,https://www.sports-reference.com/cbb/schools/nebraska-omaha/men/2026.html,https://www.sports-reference.com/cbb/schools/nebraska-omaha/men/2026-gamelogs.html,68.8,1249.39
226,Oral Roberts,https://www.sports-reference.com/cbb/schools/oral-roberts/men/2026.html,https://www.sports-reference.com/cbb/schools/oral-roberts/men/2026-gamelogs.html,69.7,977.9
227,Oregon,https://www.sports-reference.com/cbb/schools/oregon/men/2026.html,https://www.sports-reference.com/cbb/schools/oregon/men/2026-gamelogs.html,67.2,1389.56
228,Oregon State,https://www.sports-reference.com/cbb/schools/oregon-state/men/2026.html,https://www.sports-reference.com/cbb/schools/oregon-state/men/2026-gamelogs.html,66.4,1332.8
229,Pacific,https://www.sports-reference.com/cbb/schools/pacific/men/2026.html,https://www.sports-reference.com/cbb/schools/pacific/men/2026-gamelogs.html,66.5,1339.2
230,Penn State,https://www.sports-reference.com/cbb/schools/penn-state/men/2026.html,https://www.sports-reference.com/cbb/schools/penn-state/men/2026-gamelogs.html,67.9,1322.93
231,Pennsylvania,https://www.sports-reference.com/cbb/schools/pennsylvania/men/2026.html,https://www.sports-reference.com/cbb/schools/pennsylvania/men/2026-gamelogs.html,70.2,1249.03
232,Pepperdine,https://www.sports-reference.com/cbb/schools/pepperdine/men/2026.html,https://www.sports-reference.com/cbb/schools/pepperdine/men/2026-gamelogs.html,68.5,1108.87
233,Pittsburgh,https://www.sports-reference.com/cbb/schools/pittsburgh/men/2026.html,https://www.sports-reference.com/cbb/schools/pittsburgh/men/2026-gamelogs.html,65.7,1355.73
234,Portland,https://www.sports-reference.com/cbb/schools/portland/men/2026.html,https://www.sports-reference.com/cbb/schools/portland/men/2026-gamelogs.html,71.4,1233.42
235,Portland State,https://www.sports-reference.com/cbb/schools/portland-state/men/2026.html,https://www.sports-reference.com/cbb/schools/portland-state/men/2026-gamelogs.html,70.5,1341.13
236,Prairie View,https://www.sports-reference.com/cbb/schools/prairie-view/men/2026.html,https://www.sports-reference.com/cbb/schools/prairie-view/men/2026-gamelogs.html,76.3,1032.82
237,Presbyterian,https://www.sports-reference.com/cbb/schools/presbyterian/men/2026.html,https://www.sports-reference.com/cbb/schools/presbyterian/men/2026-gamelogs.html,66.7,1185.99
238,Princeton,https://www.sports-reference.com/cbb/schools/princeton/men/2026.html,https://www.sports-reference.com/cbb/schools/princeton/men/2026-gamelogs.html,65.9,1252.82
239,Providence,https://www.sports-reference.com/cbb/schools/providence/men/2026.html,https://www.sports-reference.com/cbb/schools/providence/men/2026-gamelogs.html,73.5,1336.14
240,Purdue,https://www.sports-reference.com/cbb/schools/purdue/men/2026.html,https://www.sports-reference.com/cbb/schools/purdue/men/2026-gamelogs.html,66.9,1701.37
241,Purdue Fort Wayne,https://www.sports-reference.com/cbb/schools/ipfw/men/2026.html,https://www.sports-reference.com/cbb/schools/ipfw/men/2026-gamelogs.html,71.4,1360.86
242,Queens (NC),https://www.sports-reference.com/cbb/schools/queens-nc/men/2026.html,https://www.sports-reference.com/cbb/schools/queens-nc/men/2026-gamelogs.html,70.9,1284.89
243,Quinnipiac,https://www.sports-reference.com/cbb/schools/quinnipiac/men/2026.html,https://www.sports-reference.com/cbb/schools/quinnipiac/men/2026-gamelogs.html,71.0,1351.39
244,Radford,https://www.sports-reference.com/cbb/schools/radford/men/2026.html,https://www.sports-reference.com/cbb/schools/radford/men/2026-gamelogs.html,72.9,1269.88
245,Rhode Island,https://www.sports-reference.com/cbb/schools/rhode-island/men/2026.html,https://www.sports-reference.com/cbb/schools/rhode-island/men/2026-gamelogs.html,65.9,1428.69
246,Rice,https://www.sports-reference.com/cbb/schools/rice/men/2026.html,https://www.sports-reference.com/cbb/schools/rice/men/2026-gamelogs.html,67.7,1220.67
247,Richmond,https://www.sports-reference.com/cbb/schools/richmond/men/2026.html,https://www.sports-reference.com/cbb/schools/richmond/men/2026-gamelogs.html,69.6,1292.52
248,Rider,https://www.sports-reference.com/cbb/schools/rider/men/2026.html,https://www.sports-reference.com/cbb/schools/rider/men/2026-gamelogs.html,66.2,1046.52
249,Robert Morris,https://www.sports-reference.com/cbb/schools/robert-morris/men/2026.html,https://www.sports-reference.com/cbb/schools/robert-morris/men/2026-gamelogs.html,66.9,1345.59
250,Rutgers,https://www.sports-reference.com/cbb/schools/rutgers/men/2026.html,https://www.sports-reference.com/cbb/schools/rutgers/men/2026-gamelogs.html,66.0,1394.3
251,Sacramento State,https://www.sports-reference.com/cbb/schools/sacramento-state/men/2026.html,https://www.sports-reference.com/cbb/schools/sacramento-state/men/2026-gamelogs.html,73.4,1093.27
252,Sacred Heart,https://www.sports-reference.com/cbb/schools/sacred-heart/men/2026.html,https://www.sports-reference.com/cbb/schools/sacred-heart/men/2026-gamelogs.html,68.6,1200.63
253,Saint Francis (PA),https://www.sports-reference.com/cbb/schools/saint-francis-pa/men/2026.html,https://www.sports-reference.com/cbb/schools/saint-francis-pa/men/2026-gamelogs.html,71.0,1127.09
254,Saint Joseph's,https://www.sports-reference.com/cbb/schools/saint-josephs/men/2026.html,https://www.sports-reference.com/cbb/schools/saint-josephs/men/2026-gamelogs.html,69.8,1437.14
255,Saint Louis,https://www.sports-reference.com/cbb/schools/saint-louis/men/2026.html,https://www.sports-reference.com/cbb/schools/saint-louis/men/2026-gamelogs.html,73.3,1636.71
256,Saint Mary's (CA),https://www.sports-reference.com/cbb/schools/saint-marys-ca/men/2026.html,https://www.sports-reference.com/cbb/schools/saint-marys-ca/men/2026-gamelogs.html,66.8,1633.87
257,Saint Peter's,https://www.sports-reference.com/cbb/schools/saint-peters/men/2026.html,https://www.sports-reference.com/cbb/schools/saint-peters/men/2026-gamelogs.html,66.7,1323.38
258,Sam Houston,https://www.sports-reference.com/cbb/schools/sam-houston-state/men/2026.html,https://www.sports-reference.com/cbb/schools/sam-houston-state/men/2026-gamelogs.html,72.2,1415.44
259,Samford,https://www.sports-reference.com/cbb/schools/samford/men/2026.html,https://www.sports-reference.com/cbb/schools/samford/men/2026-gamelogs.html,68.6,1252.0
260,San Diego,https://www.sports-reference.com/cbb/schools/san-diego/men/2026.html,https://www.sports-reference.com/cbb/schools/san-diego/men/2026-gamelogs.html,71.1,1220.63
261,San Diego State,https://www.sports-reference.com/cbb/schools/san-diego-state/men/2026.html,https://www.sports-reference.com/cbb/schools/san-diego-state/men/2026-gamelogs.html,69.8,1612.65
262,San Francisco,https://www.sports-reference.com/cbb/schools/san-francisco/men/2026.html,https://www.sports-reference.com/cbb/schools/san-francisco/men/2026-gamelogs.html,67.1,1418.17
263,San Jose State,https://www.sports-reference.com/cbb/schools/san-jose-state/men/2026.html,https://www.sports-reference.com/cbb/schools/san-jose-state/men/2026-gamelogs.html,65.8,1185.59
264,Santa Clara,https://www.sports-reference.com/cbb/schools/santa-clara/men/2026.html,https://www.sports-reference.com/cbb/schools/santa-clara/men/2026-gamelogs.html,70.5,1575.11
265,Seattle,https://www.sports-reference.com/cbb/schools/seattle/men/2026.html,https://www.sports-reference.com/cbb/schools/seattle/men/2026-gamelogs.html,69.8,1341.89
266,Seton Hall,https://www.sports-reference.com/cbb/schools/seton-hall/men/2026.html,https://www.sports-reference.com/cbb/schools/seton-hall/men/2026-gamelogs.html,67.2,1467.4
267,Siena,https://www.sports-reference.com/cbb/schools/siena/men/2026.html,https://www.sports-reference.com/cbb/schools/siena/men/2026-gamelogs.html,64.6,1329.38
268,South Alabama,https://www.sports-reference.com/cbb/schools/south-alabama/men/2026.html,https://www.sports-reference.com/cbb/schools/south-alabama/men/2026-gamelogs.html,66.7,1408.04
269,South Carolina,https://www.sports-reference.com/cbb/schools/south-carolina/men/2026.html,https://www.sports-reference.com/cbb/schools/south-carolina/men/2026-gamelogs.html,68.2,1393.94
270,South Carolina State,https://www.sports-reference.com/cbb/schools/south-carolina-state/men/2026.html,https://www.sports-reference.com/cbb/schools/south-carolina-state/men/2026-gamelogs.html,70.5,1100.22
271,South Carolina Upstate,https://www.sports-reference.com/cbb/schools/south-carolina-upstate/men/2026.html,https://www.sports-reference.com/cbb/schools/south-carolina-upstate/men/2026-gamelogs.html,70.4,1109.33
272,South Dakota,https://www.sports-reference.com/cbb/schools/south-dakota/men/2026.html,https://www.sports-reference.com/cbb/schools/south-dakota/men/2026-gamelogs.html,72.3,1237.53
273,South Dakota State,https://www.sports-reference.com/cbb/schools/south-dakota-state/men/2026.html,https://www.sports-reference.com/cbb/schools/south-dakota-state/men/2026-gamelogs.html,68.6,1222.32
274,South Florida,https://www.sports-reference.com/cbb/schools/south-florida/men/2026.html,https://www.sports-reference.com/cbb/schools/south-florida/men/2026-gamelogs.html,74.9,1472.42
275,Southeast Missouri State,https://www.sports-reference.com/cbb/schools/southeast-missouri-state/men/2026.html,https://www.sports-reference.com/cbb/schools/southeast-missouri-state/men/2026-gamelogs.html,71.8,1274.69
276,Southeastern Louisiana,https://www.sports-reference.com/cbb/schools/southeastern-louisiana/men/2026.html,https://www.sports-reference.com/cbb/schools/southeastern-louisiana/men/2026-gamelogs.html,66.8,1126.61
277,Southern,https://www.sports-reference.com/cbb/schools/southern/men/2026.html,https://www.sports-reference.com/cbb/schools/southern/men/2026-gamelogs.html,74.0,1161.11
278,Southern California,https://www.sports-reference.com/cbb/schools/southern-california/men/2026.html,https://www.sports-reference.com/cbb/schools/southern-california/men/2026-gamelogs.html,71.3,1558.03
279,Southern Illinois,https://www.sports-reference.com/cbb/schools/southern-illinois/men/2026.html,https://www.sports-reference.com/cbb/schools/southern-illinois/men/2026-gamelogs.html,70.7,1293.51
280,SIU Edwardsville,https://www.sports-reference.com/cbb/schools/southern-illinois-edwardsville/men/2026.html,https://www.sports-reference.com/cbb/schools/southern-illinois-edwardsville/men/2026-gamelogs.html,67.0,1253.21
281,Southern Indiana,https://www.sports-reference.com/cbb/schools/southern-indiana/men/2026.html,https://www.sports-reference.com/cbb/schools/southern-indiana/men/2026-gamelogs.html,70.5,1001.13
282,Southern Methodist,https://www.sports-reference.com/cbb/schools/southern-methodist/men/2026.html,https://www.sports-reference.com/cbb/schools/southern-methodist/men/2026-gamelogs.html,72.0,1581.64
283,Southern Mississippi,https://www.sports-reference.com/cbb/schools/southern-mississippi/men/2026.html,https://www.sports-reference.com/cbb/schools/southern-mississippi/men/2026-gamelogs.html,69.7,1155.76
284,Southern Utah,https://www.sports-reference.com/cbb/schools/southern-utah/men/2026.html,https://www.sports-reference.com/cbb/schools/southern-utah/men/2026-gamelogs.html,73.1,1124.6
285,St. Bonaventure,https://www.sports-reference.com/cbb/schools/st-bonaventure/men/2026.html,https://www.sports-reference.com/cbb/schools/st-bonaventure/men/2026-gamelogs.html,67.8,1375.68
286,St. John's (NY),https://www.sports-reference.com/cbb/schools/st-johns-ny/men/2026.html,https://www.sports-reference.com/cbb/schools/st-johns-ny/men/2026-gamelogs.html,72.2,1692.8
287,St. Thomas,https://www.sports-reference.com/cbb/schools/st-thomas-mn/men/2026.html,https://www.sports-reference.com/cbb/schools/st-thomas-mn/men/2026-gamelogs.html,70.7,1390.57
288,Stanford,https://www.sports-reference.com/cbb/schools/stanford/men/2026.html,https://www.sports-reference.com/cbb/schools/stanford/men/2026-gamelogs.html,69.2,1515.59
289,Stephen F. Austin,https://www.sports-reference.com/cbb/schools/stephen-f-austin/men/2026.html,https://www.sports-reference.com/cbb/schools/stephen-f-austin/men/2026-gamelogs.html,67.7,1411.9
290,Stetson,https://www.sports-reference.com/cbb/schools/stetson/men/2026.html,https://www.sports-reference.com/cbb/schools/stetson/men/2026-gamelogs.html,70.0,1131.14
291,Stonehill,https://www.sports-reference.com/cbb/schools/stonehill/men/2026.html,https://www.sports-reference.com/cbb/schools/stonehill/men/2026-gamelogs.html,67.4,1104.8
292,Stony Brook,https://www.sports-reference.com/cbb/schools/stony-brook/men/2026.html,https://www.sports-reference.com/cbb/schools/stony-brook/men/2026-gamelogs.html,66.7,1298.45
293,Syracuse,https://www.sports-reference.com/cbb/schools/syracuse/men/2026.html,https://www.sports-reference.com/cbb/schools/syracuse/men/2026-gamelogs.html,68.5,1404.49
294,Tarleton State,https://www.sports-reference.com/cbb/schools/tarleton-state/men/2026.html,https://www.sports-reference.com/cbb/schools/tarleton-state/men/2026-gamelogs.html,73.5,1204.34
295,TCU,https://www.sports-reference.com/cbb/schools/texas-christian/men/2026.html,https://www.sports-reference.com/cbb/schools/texas-christian/men/2026-gamelogs.html,70.3,1510.74
296,Temple,https://www.sports-reference.com/cbb/schools/temple/men/2026.html,https://www.sports-reference.com/cbb/schools/temple/men/2026-gamelogs.html,65.6,1366.26
297,Tennessee,https://www.sports-reference.com/cbb/schools/tennessee/men/2026.html,https://www.sports-reference.com/cbb/schools/tennessee/men/2026-gamelogs.html,68.6,1617.63
298,Tennessee State,https://www.sports-reference.com/cbb/schools/tennessee-state/men/2026.html,https://www.sports-reference.com/cbb/schools/tennessee-state/men/2026-gamelogs.html,73.7,1313.36
299,Tennessee Tech,https://www.sports-reference.com/cbb/schools/tennessee-tech/men/2026.html,https://www.sports-reference.com/cbb/schools/tennessee-tech/men/2026-gamelogs.html,71.4,1029.28
300,Tennessee-Martin,https://www.sports-reference.com/cbb/schools/tennessee-martin/men/2026.html,https://www.sports-reference.com/cbb/schools/tennessee-martin/men/2026-gamelogs.html,68.7,1314.85
301,Texas,https://www.sports-reference.com/cbb/schools/texas/men/2026.html,https://www.sports-reference.com/cbb/schools/texas/men/2026-gamelogs.html,70.0,1506.73
302,Texas A&M,https://www.sports-reference.com/cbb/schools/texas-am/men/2026.html,https://www.sports-reference.com/cbb/schools/texas-am/men/2026-gamelogs.html,73.8,1624.51
303,Texas A&M-Corpus Christi,https://www.sports-reference.com/cbb/schools/texas-am-corpus-christi/men/2026.html,https://www.sports-reference.com/cbb/schools/texas-am-corpus-christi/men/2026-gamelogs.html,69.8,1231.8
304,Texas Southern,https://www.sports-reference.com/cbb/schools/texas-southern/men/2026.html,https://www.sports-reference.com/cbb/schools/texas-southern/men/2026-gamelogs.html,72.5,1131.23
305,Texas State,https://www.sports-reference.com/cbb/schools/texas-state/men/2026.html,https://www.sports-reference.com/cbb/schools/texas-state/men/2026-gamelogs.html,68.9,1254.2
306,Texas Tech,https://www.sports-reference.com/cbb/schools/texas-tech/men/2026.html,https://www.sports-reference.com/cbb/schools/texas-tech/men/2026-gamelogs.html,69.8,1756.84
307,Texas-Rio Grande Valley,https://www.sports-reference.com/cbb/schools/texas-pan-american/men/2026.html,https://www.sports-reference.com/cbb/schools/texas-pan-american/men/2026-gamelogs.html,67.5,1220.98
308,The Citadel,https://www.sports-reference.com/cbb/schools/citadel/men/2026.html,https://www.sports-reference.com/cbb/schools/citadel/men/2026-gamelogs.html,65.2,1068.57
309,Toledo,https://www.sports-reference.com/cbb/schools/toledo/men/2026.html,https://www.sports-reference.com/cbb/schools/toledo/men/2026-gamelogs.html,71.1,1325.26
310,Towson,https://www.sports-reference.com/cbb/schools/towson/men/2026.html,https://www.sports-reference.com/cbb/schools/towson/men/2026-gamelogs.html,65.8,1355.75
311,Troy,https://www.sports-reference.com/cbb/schools/troy/men/2026.html,https://www.sports-reference.com/cbb/schools/troy/men/2026-gamelogs.html,70.3,1456.41
312,Tulane,https://www.sports-reference.com/cbb/schools/tulane/men/2026.html,https://www.sports-reference.com/cbb/schools/tulane/men/2026-gamelogs.html,68.4,1347.61
313,Tulsa,https://www.sports-reference.com/cbb/schools/tulsa/men/2026.html,https://www.sports-reference.com/cbb/schools/tulsa/men/2026-gamelogs.html,69.3,1498.8
314,UAB,https://www.sports-reference.com/cbb/schools/alabama-birmingham/men/2026.html,https://www.sports-reference.com/cbb/schools/alabama-birmingham/men/2026-gamelogs.html,72.2,1422.92
315,UC Davis,https://www.sports-reference.com/cbb/schools/california-davis/men/2026.html,https://www.sports-reference.com/cbb/schools/california-davis/men/2026-gamelogs.html,72.6,1297.03
316,UC Irvine,https://www.sports-reference.com/cbb/schools/california-irvine/men/2026.html,https://www.sports-reference.com/cbb/schools/california-irvine/men/2026-gamelogs.html,71.3,1480.4
317,UC Riverside,https://www.sports-reference.com/cbb/schools/california-riverside/men/2026.html,https://www.sports-reference.com/cbb/schools/california-riverside/men/2026-gamelogs.html,69.8,1212.25
318,UC San Diego,https://www.sports-reference.com/cbb/schools/california-san-diego/men/2026.html,https://www.sports-reference.com/cbb/schools/california-san-diego/men/2026-gamelogs.html,69.4,1394.03
319,UC Santa Barbara,https://www.sports-reference.com/cbb/schools/california-santa-barbara/men/2026.html,https://www.sports-reference.com/cbb/schools/california-santa-barbara/men/2026-gamelogs.html,67.1,1384.98
320,UCF,https://www.sports-reference.com/cbb/schools/central-florida/men/2026.html,https://www.sports-reference.com/cbb/schools/central-florida/men/2026-gamelogs.html,71.7,1610.01
321,UCLA,https://www.sports-reference.com/cbb/schools/ucla/men/2026.html,https://www.sports-reference.com/cbb/schools/ucla/men/2026-gamelogs.html,66.6,1615.41
322,UNC Asheville,https://www.sports-reference.com/cbb/schools/north-carolina-asheville/men/2026.html,https://www.sports-reference.com/cbb/schools/north-carolina-asheville/men/2026-gamelogs.html,68.3,1243.7
323,UNC Greensboro,https://www.sports-reference.com/cbb/schools/north-carolina-greensboro/men/2026.html,https://www.sports-reference.com/cbb/schools/north-carolina-greensboro/men/2026-gamelogs.html,69.7,1202.61
324,UNC Wilmington,https://www.sports-reference.com/cbb/schools/north-carolina-wilmington/men/2026.html,https://www.sports-reference.com/cbb/schools/north-carolina-wilmington/men/2026-gamelogs.html,67.3,1522.73
325,UT Arlington,https://www.sports-reference.com/cbb/schools/texas-arlington/men/2026.html,https://www.sports-reference.com/cbb/schools/texas-arlington/men/2026-gamelogs.html,69.0,1369.43
326,Utah,https://www.sports-reference.com/cbb/schools/utah/men/2026.html,https://www.sports-reference.com/cbb/schools/utah/men/2026-gamelogs.html,70.7,1367.97
327,Utah State,https://www.sports-reference.com/cbb/schools/utah-state/men/2026.html,https://www.sports-reference.com/cbb/schools/utah-state/men/2026-gamelogs.html,68.2,1580.6
328,Utah Tech,https://www.sports-reference.com/cbb/schools/dixie-state/men/2026.html,https://www.sports-reference.com/cbb/schools/dixie-state/men/2026-gamelogs.html,70.2,1246.11
329,Utah Valley,https://www.sports-reference.com/cbb/schools/utah-valley/men/2026.html,https://www.sports-reference.com/cbb/schools/utah-valley/men/2026-gamelogs.html,71.5,1443.96
330,UTEP,https://www.sports-reference.com/cbb/schools/texas-el-paso/men/2026.html,https://www.sports-reference.com/cbb/schools/texas-el-paso/men/2026-gamelogs.html,66.8,1188.32
331,UTSA,https://www.sports-reference.com/cbb/schools/texas-san-antonio/men/2026.html,https://www.sports-reference.com/cbb/schools/texas-san-antonio/men/2026-gamelogs.html,70.6,1082.68
332,Valparaiso,https://www.sports-reference.com/cbb/schools/valparaiso/men/2026.html,https://www.sports-reference.com/cbb/schools/valparaiso/men/2026-gamelogs.html,67.1,1331.49
333,Vanderbilt,https://www.sports-reference.com/cbb/schools/vanderbilt/men/2026.html,https://www.sports-reference.com/cbb/schools/vanderbilt/men/2026-gamelogs.html,72.9,1663.42
334,Vermont,https://www.sports-reference.com/cbb/schools/vermont/men/2026.html,https://www.sports-reference.com/cbb/schools/vermont/men/2026-gamelogs.html,64.7,1357.96
335,Villanova,https://www.sports-reference.com/cbb/schools/villanova/men/2026.html,https://www.sports-reference.com/cbb/schools/villanova/men/2026-gamelogs.html,65.2,1575.58
336,Virginia,https://www.sports-reference.com/cbb/schools/virginia/men/2026.html,https://www.sports-reference.com/cbb/schools/virginia/men/2026-gamelogs.html,66.8,1664.19
337,Virginia Commonwealth,https://www.sports-reference.com/cbb/schools/virginia-commonwealth/men/2026.html,https://www.sports-reference.com/cbb/schools/virginia-commonwealth/men/2026-gamelogs.html,70.4,1556.98
338,VMI,https://www.sports-reference.com/cbb/schools/virginia-military-institute/men/2026.html,https://www.sports-reference.com/cbb/schools/virginia-military-institute/men/2026-gamelogs.html,68.9,1007.63
339,Virginia Tech,https://www.sports-reference.com/cbb/schools/virginia-tech/men/2026.html,https://www.sports-reference.com/cbb/schools/virginia-tech/men/2026-gamelogs.html,69.2,1535.9
340,Wagner,https://www.sports-reference.com/cbb/schools/wagner/men/2026.html,https://www.sports-reference.com/cbb/schools/wagner/men/2026-gamelogs.html,66.9,976.85
341,Wake Forest,https://www.sports-reference.com/cbb/schools/wake-forest/men/2026.html,https://www.sports-reference.com/cbb/schools/wake-forest/men/2026-gamelogs.html,71.5,1428.04
342,Washington,https://www.sports-reference.com/cbb/schools/washington/men/2026.html,https://www.sports-reference.com/cbb/schools/washington/men/2026-gamelogs.html,68.9,1488.62
343,Washington State,https://www.sports-reference.com/cbb/schools/washington-state/men/2026.html,https://www.sports-reference.com/cbb/schools/washington-state/men/2026-gamelogs.html,69.2,1334.53
344,Weber State,https://www.sports-reference.com/cbb/schools/weber-state/men/2026.html,https://www.sports-reference.com/cbb/schools/weber-state/men/2026-gamelogs.html,72.3,1173.37
345,West Georgia,https://www.sports-reference.com/cbb/schools/west-georgia/men/2026.html,https://www.sports-reference.com/cbb/schools/west-georgia/men/2026-gamelogs.html,70.3,1117.36
346,West Virginia,https://www.sports-reference.com/cbb/schools/west-virginia/men/2026.html,https://www.sports-reference.com/cbb/schools/west-virginia/men/2026-gamelogs.html,64.2,1541.0
347,Western Carolina,https://www.sports-reference.com/cbb/schools/western-carolina/men/2026.html,https://www.sports-reference.com/cbb/schools/western-carolina/men/2026-gamelogs.html,70.2,1182.65
348,Western Illinois,https://www.sports-reference.com/cbb/schools/western-illinois/men/2026.html,https://www.sports-reference.com/cbb/schools/western-illinois/men/2026-gamelogs.html,67.2,937.58
349,Western Kentucky,https://www.sports-reference.com/cbb/schools/western-kentucky/men/2026.html,https://www.sports-reference.com/cbb/schools/western-kentucky/men/2026-gamelogs.html,71.5,1277.0
350,Western Michigan,https://www.sports-reference.com/cbb/schools/western-michigan/men/2026.html,https://www.sports-reference.com/cbb/schools/western-michigan/men/2026-gamelogs.html,70.3,1177.22
351,Wichita State,https://www.sports-reference.com/cbb/schools/wichita-state/men/2026.html,https://www.sports-reference.com/cbb/schools/wichita-state/men/2026-gamelogs.html,66.0,1437.96
352,William & Mary,https://www.sports-reference.com/cbb/schools/william-mary/men/2026.html,https://www.sports-reference.com/cbb/schools/william-mary/men/2026-gamelogs.html,74.8,1358.54
353,Winthrop,https://www.sports-reference.com/cbb/schools/winthrop/men/2026.html,https://www.sports-reference.com/cbb/schools/winthrop/men/2026-gamelogs.html,71.5,1407.07
354,Wisconsin,https://www.sports-reference.com/cbb/schools/wisconsin/men/2026.html,https://www.sports-reference.com/cbb/schools/wisconsin/men/2026-gamelogs.html,70.5,1610.82
355,Wofford,https://www.sports-reference.com/cbb/schools/wofford/men/2026.html,https://www.sports-reference.com/cbb/schools/wofford/men/2026-gamelogs.html,68.4,1401.04
356,Wright State,https://www.sports-reference.com/cbb/schools/wright-state/men/2026.html,https://www.sports-reference.com/cbb/schools/wright-state/men/2026-gamelogs.html,68.8,1357.04
357,Wyoming,https://www.sports-reference.com/cbb/schools/wyoming/men/2026.html,https://www.sports-reference.com/cbb/schools/wyoming/men/2026-gamelogs.html,69.2,1306.98
358,Xavier,https://www.sports-reference.com/cbb/schools/xavier/men/2026.html,https://www.sports-reference.com/cbb/schools/xavier/men/2026-gamelogs.html,72.3,1418.8
359,Yale,https://www.sports-reference.com/cbb/schools/yale/men/2026.html,https://www.sports-reference.com/cbb/schools/yale/men/2026-gamelogs.html,67.9,1524.75
360,Youngstown State,https://www.sports-reference.com/cbb/schools/youngstown-state/men/2026.html,https://www.sports-reference.com/cbb/schools/youngstown-state/men/2026-gamelogs.html,69.4,1205.33
